id,text,token_count
WikiEspGDC41,"El aprendizaje no supervisado es la capacidad de encontrar patrones en un flujo de entrada, sin que sea necesario que un humano etiquete las entradas primero. El aprendizaje supervisado incluye clasificacion y regresion numerica, lo que requiere que un humano etiquete primero los datos de entrada. La clasificacion se usa para determinar a que categora pertenece algo y ocurre despues de que un programa observe varios ejemplos de entradas de varias categoras. La regresion es el intento de producir una funcion que describa la relacion entre entradas y salidas y predice como deben cambiar las salidas a medida que cambian las entradas.[61] Tanto los clasificadores como los aprendices de regresion intentan aprender una funcion desconocida; por ejemplo, un clasificador de spam puede verse como el aprendizaje de una funcion que asigna el texto de un correo electronico a una de dos categoras, spam o no spam. La teora del aprendizaje computacional puede evaluar a los estudiantes por complejidad computacional, complejidad de la muestra (cuntos datos se requieren) o por otras nociones de optimizacion.[62]
",267
WikiEspGDC29,"El acelerado desarrollo tecnologico y cientfico de la inteligencia artificial que se ha producido en el siglo†XXI supone tambien un importante impacto en otros campos. En la economa mundial durante la segunda revolucion industrial se vivio un fenomeno conocido como desempleo tecnologico, que se refiere a cuando la automatizacion industrial de los procesos de produccion a gran escala reemplaza la mano de obra humana. Con la inteligencia artificial podra darse un fenomeno parecido, especialmente en los procesos en los que interviene la inteligencia humana, tal como se ilustraba en el cuento Como se divertan! de Isaac Asimov, en el que su autor vislumbra algunos de los efectos que tendra la interaccion de mquinas inteligentes especializadas en pedagoga infantil, en lugar de profesores humanos, con los nios en etapa escolar. Este mismo escritor diseo lo que hoy se conocen como las tres leyes de la robotica, aparecidas por primera vez en el relato Crculo vicioso (Runaround) de 1942, donde estableca lo siguiente:
",261
WikiEspGDC55,"La utilizacion de aplicaciones gratuitas de IA para transformar fotografas de personas en falsos desnudos est generando problemas que afectan a menores. El caso salto a los medios de comunicacion en septiembre de 2023 cuando en Almendralejo (Badajoz, Espaa) aparecieron varias fotografas de nias y jovenes (entre 11 y 17 aos) que haban sido modificadas mediante inteligencia artificial para aparecer desnudas. Las imgenes fueron obtenidas de los perfiles de Instagram y de la aplicacion Whatsapp de al menos 20 nias de la localidad. Las fotografas de nias desnudas haban circulado despues mediante Whatsapp y a partir de ellas se haba creado un vdeo que tambien haba circulado entre menores. Los autores de dicha transformacion tambien eran menores y compaeros de colegio o instituto. La Agencia Espaola de Proteccion de Datos abrio una investigacion y se comunico con el Ayuntamiento de Almendralejo y con la Junta de Extremadura informndoles de que se poda solicitar la retirada de cualquier imagen circulando en internet en el canal prioritario de la agencia.[78]
",260
WikiEspGDC67,"Los algoritmos de aprendizaje automtico requieren grandes cantidades de datos. Las tecnicas utilizadas para adquirir estos datos generan preocupaciones sobre temas de privacidad y vigilancia. Las empresas tecnologicas recopilan un gran nmero de datos de sus usuarios, incluida la actividad en internet, los datos de geolocalizacion, video y audio.[84] Por ejemplo, para construir algoritmos de reconocimiento de voz, Amazon, entre otros, ha grabado millones de conversaciones privadas y han permitido que [Trabajo temporal|trabajadores temporales] las escuchen para transcribirlas algunas de ellas.[85] Las opiniones sobre esta vigilancia generalizada van desde aquellos que la ven como un mal necesario hasta aquellos para quienes no es etica y constituye una violacion del derecho a la intimidad.[86] Los desarrolladores de IA argumentan que esta es la nica forma de ofrecer aplicaciones valiosas y han desarrollado varias tecnicas que intentan preservar la privacidad mientras se obtienen los datos, como la agregacion de datos, la desidentificacion y la privacidad diferencial.[87]
",253
WikiEspGDC30,"Otras obras de ciencia ficcion ms recientes tambien exploran algunas cuestiones eticas y filosoficas con respecto a la Inteligencia artificial fuerte, como las pelculas Yo, robot o A.I. Inteligencia Artificial, en los que se tratan temas tales como la autoconsciencia o el origen de una conciencia emergente de los robots inteligentes o sistemas computacionales, o si estos podran considerarse sujetos de derecho debido a sus caractersticas casi humanas relacionadas con la sintiencia, como el poder ser capaces de sentir dolor y emociones o hasta que punto obedeceran al objetivo de su programacion, y en caso de no ser as, si podran ejercer libre albedro. Esto ltimo es el tema central de la famosa saga de Terminator, en la que las mquinas superan a la humanidad y deciden aniquilarla, historia que, segn varios especialistas, podra no limitarse a la ciencia ficcion y ser una posibilidad real en una sociedad posthumana que dependiese de la tecnologa y las mquinas completamente.[39][40]
",248
WikiEspGDC62,"Los desarrollos en inteligencia artificial son mayores en los campos disciplinares en los que existe mayor consenso entre especialistas. Un sistema experto es ms probable que sea programado en fsica o en medicina que en sociologa o en psicologa. Esto se debe al problema del consenso entre especialistas en la definicion de los conceptos involucrados y en los procedimientos y tecnicas a utilizar. Por ejemplo, en fsica hay acuerdo sobre el concepto de velocidad y como calcularla. Sin embargo, en psicologa se discuten los conceptos, la etiologa, la psicopatologa, y como proceder ante cierto diagnostico. Esto dificulta la creacion de sistemas inteligentes porque siempre habr desacuerdo sobre la forma en que debera actuar el sistema para diferentes situaciones. A pesar de esto, hay grandes avances en el diseo de sistemas expertos para el diagnostico y toma de decisiones en el mbito medico y psiquitrico (Adaraga Morales, Zaccagnini Sancho, 1994).
",237
WikiEspGDC8,"Coloquialmente, la locucion inteligencia artificial se aplica cuando una mquina imita las funciones cognitivas que los humanos asocian como competencias humanas, por ejemplo: percibir, razonar, aprender y resolver problemas.[8] Andreas Kaplan y Michael Haenlein definen la inteligencia artificial como la capacidad de un sistema para interpretar correctamente datos externos, y as aprender y emplear esos conocimientos para lograr tareas y metas concretas a traves de la adaptacion flexible.[9] A medida que las mquinas se vuelven cada vez ms capaces, se elimina de la definicion la tecnologa que alguna vez se penso que requera de inteligencia. Marvin Minsky, uno de los ideadores de la IA, hablaba del termino inteligencia artificial como una palabra maleta (""suitcase word"") porque en el se pueden meter una diversidad de elementos.[10][11]
",221
WikiEspGDC44,"La percepcion de la mquina[68] es la capacidad de utilizar la entrada de sensores (como cmaras de espectro visible o infrarrojo, microfonos, seales inalmbricas y lidar, sonar, radar y sensores tctiles) para entender aspectos del mundo. Las aplicaciones incluyen reconocimiento de voz,[69] reconocimiento facial y reconocimiento de objetos.[70] La vision artificial es la capacidad de analizar la informacion visual, que suele ser ambigua; un peaton gigante de cincuenta metros de altura muy lejos puede producir los mismos pxeles que un peaton de tamao normal cercano, lo que requiere que la inteligencia artificial juzgue la probabilidad relativa y la razonabilidad de las diferentes interpretaciones, por ejemplo, utilizando su modelo de objeto para evaluar que los peatones de cincuenta metros no existen.[71]
",213
WikiEspGDC51,"En marzo de 2016, se hizo popular el comentario que la robot humanoide llamada Sophia de la empresa Hanson Robotics hizo durante su presentacion cuando su creador, David Hanson, le preguntara si estaba dispuesta a destruir a la humanidad, a lo que la robot contesto: Est bien, voy a destruir a la humanidad. Posteriormente, Sopha se gano el reconocimiento y la atencion meditica mundial debido a sus conductas casi humanas, siendo entrevistada en muchas ocasiones por distintos medios y sosteniendo conversaciones con personalidades famosas y reconocidas. En 2017, Sophia obtuvo la ciudadana saud, convirtiendose as en la primera robot en ser reconocida como ciudadana por un pas, lo cual levanto la controversia sobre si se les debera otorgar los mismos derechos y obligaciones a los robots como si se trataran de sujetos de derecho.[72]
",213
WikiEspGDC31,"El Derecho[42] desempea un papel fundamental en el uso y desarrollo de la IA. Las leyes establecen reglas y normas de comportamiento para asegurar el bienestar social y proteger los derechos individuales, y pueden ayudarnos a obtener los beneficios de esta tecnologa mientras minimizamos sus riesgos, que son significativos. De momento no hay normas jurdicas que regulen directamente a la IA. Pero con fecha 21 de abril de 2021, la Comision Europea ha presentado una propuesta de Reglamento europeo para la regulacion armonizada de la inteligencia artificial (IA) en la UE. Su ttulo exacto es Propuesta de Reglamento del Parlamento Europeo y del Consejo por el que se establecen normas armonizadas en materia de inteligencia artificial ìLey de Inteligencia Artificialì y se modifican otros actos legislativos de la Union.
",206
WikiEspGDC52,"A finales de julio de 2017, varios medios internacionales dieron a conocer que el laboratorio de investigacion de inteligencia artificial del Instituto Tecnologico de Georgia, en conjunto con el Grupo de Investigacion de inteligencia artificial (FAIR) de Facebook, ahora Meta, tuvieron que apagar dos inteligencias artificiales de tipo chatbot denominadas Bob y Alice, ya que haban desarrollado un lenguaje propio ms eficiente que el ingles, idioma en el que haban sido entrenados para aprender a negociar, desarrollando finalmente un tipo de comunicacion incomprensible que se alejaba de las reglas gramaticales del lenguaje natural y que favoreca el uso de abreviaturas. El lenguaje creado por estas IA mostraba caractersticas de un ingles corrupto y patrones repetitivos, en especial de pronombres y determinantes.[73]
",197
WikiEspGDC46,"Esta herramienta ayuda a automatizar el aprendizaje y descubrimiento repetitivo a traves de datos, realiza tareas computarizadas frecuentes de manera confiable, sin embargo, necesita intervencion humana para la configuracion del sistema. Analiza datos ms profundos y agrega inteligencia ya que no se puede vender como una aplicacion individual, por lo que es un valor agregado a los productos. Tiene una gran precision a traves de redes neuronales profundas; por ejemplo, en medicina se puede utilizar la IA para detectar cncer con MRIs (imgenes ppr resonancia magnetica). Se adapta a traves de algoritmos de aprendizaje progresivo, encuentra estructura y regularidades en los datos de modo que el algoritmo se convierte en un clasificador o predictor. Y, por ltimo, la inteligencia artificial, saca el mayor provecho de datos.
",195
WikiEspGDC33,"Dos meses ms tarde, en mayo, 350 ejecutivos de las principales empresas desarrolladoras de IA, academicos e investigadores expertos firmaron un nuevo manifiesto alertando de que la IA avanzada sin regular representa un peligro de extincion para la humanidad: Mitigar el riesgo de extincion de la IA debera ser una prioridad mundial junto a otros riesgos a escala social como las pandemias y la guerra nuclear[44] Entre los impulsores de esta peticion est toda la plana mayor de OpenAI, el jefe de Tecnologa de Microsoft, el lder de Google DeepMind con 38 ejecutivos, investigadores o profesores de universidad relacionados con la empresa, y representantes de desarrolladoras ms pequeas como Anthropic, Stability AI o Inflection AI.[45]
",184
WikiEspGDC32,"En marzo de 2023, cientos de empresarios como Elon Musk, Steve Wozniak (cofundador de Apple) o los presidentes de numerosas compaas tecnologicas; intelectuales como Yuval Noah Harari y cientos de academicos e investigadores especializados en inteligencia artificial firmaron una carta abierta avisando del peligro de la falta de regulacion de la IA, poniendo el foco sobre OpenAI, la empresa que ha desarrollado ChatGPT. Pidieron una pausa de al menos 6 meses para sus experimentos ms potentes, hasta que el mundo logre un consenso internacional para que estos sistemas sean ms precisos, seguros, interpretables, transparentes, robustos, neutrales, confiables y leales.[43]
",178
WikiEspGDC28,"Ante la posibilidad de crear mquinas dotadas de inteligencia, se volvio importante preocuparse por la cuestion etica de las mquinas para tratar de garantizar que no se produzca ningn dao a los seres humanos, a otros seres vivos e incluso a las mismas mquinas segn algunas corrientes de pensamiento.[37] Es as como surgio un amplio campo de estudios conocido como etica de la inteligencia artificial de relativamente reciente aparicion y que generalmente se divide en dos ramas, la roboetica, encargada de estudiar las acciones de los seres humanos hacia los robots, y la etica de las mquinas encargada del estudio del comportamiento de los robots para con los seres humanos.
",176
WikiEspGDC39,"En los problemas clsicos de planificacion, el agente puede asumir que es el nico sistema que acta en el mundo, lo que le permite estar seguro de las consecuencias de sus acciones.[58] Sin embargo, si el agente no es el nico actor, entonces se requiere que este pueda razonar bajo incertidumbre. Esto requiere un agente que no solo pueda evaluar su entorno y hacer predicciones, sino tambien evaluar sus predicciones y adaptarse en funcion de su evaluacion.[59] La planificacion de mltiples agentes utiliza la cooperacion y la competencia de muchos sistemas para lograr un objetivo determinado. El comportamiento emergente como este es utilizado por algoritmos evolutivos e inteligencia de enjambre.[60]
",175
WikiEspGDC60,"Uno de los mayores problemas en sistemas de inteligencia artificial es la comunicacion con el usuario. Este obstculo es debido a la ambigºedad del lenguaje, y se remonta a los inicios de los primeros sistemas operativos informticos. La capacidad de los humanos para comunicarse entre s implica el conocimiento del lenguaje que utiliza el interlocutor. Para que un humano pueda comunicarse con un sistema inteligente hay dos opciones: o bien que el humano aprenda el lenguaje del sistema como si aprendiese a hablar cualquier otro idioma distinto al nativo, o bien que el sistema tenga la capacidad de interpretar el mensaje del usuario en la lengua que el usuario utiliza. Tambien puede haber desperfectos en las instalaciones de los mismos.
",166
WikiEspGDC59,"Otros experimentos mentales como la habitacion china, de John Searle, han mostrado como una mquina podra simular pensamiento sin realmente poseerlo, pasando la prueba de Turing sin siquiera entender lo que hace, tan solo reaccionando de una forma concreta a determinados estmulos (en el sentido ms amplio de la palabra). Esto demostrara que la mquina en realidad no est pensando, ya que actuar de acuerdo con un programa preestablecido sera suficiente. Si para Turing el hecho de engaar a un ser humano que intenta evitar que le engaen es muestra de una mente inteligente, Searle considera posible lograr dicho efecto mediante reglas definidas a priori.
",163
WikiEspGDC10,"La inteligencia artificial es una nueva forma de resolver problemas dentro de los cuales se incluyen los sistemas expertos, el manejo y control de robots y los procesadores, que intenta integrar el conocimiento en tales sistemas, en otras palabras, un sistema inteligente capaz de escribir su propio programa. Un sistema experto definido como una estructura de programacion capaz de almacenar y utilizar un conocimiento sobre un rea determinada que se traduce en su capacidad de aprendizaje.[14] De igual manera se puede considerar a la IA como la capacidad de las mquinas para usar algoritmos, aprender de los datos y utilizar lo aprendido en la toma de decisiones tal y como lo hara un ser humano.[15]
",161
WikiEspGDC21,"La inteligencia artificial amigable es una IA fuerte e hipotetica que puede tener un efecto positivo ms que uno negativo sobre la humanidad. 'Amigable' es usado en este contexto como terminologa tecnica y escoge agentes que son seguros y tiles, no necesariamente aquellos que son ""amigables"" en el sentido coloquial. El concepto es invocado principalmente en el contexto de discusiones de agentes artificiales de auto-mejora recursiva que rpidamente explota en inteligencia, con el argumento de que esta tecnologa hipotetica pudiera tener una larga, rpida y difcil tarea de controlar el impacto en la sociedad humana.
",156
WikiEspGDC63,"Al desarrollar un robot con inteligencia artificial se debe tener cuidado con la autonoma,[80] hay que tener en cuenta el no vincular el hecho de que el robot tenga interacciones con seres humanos a su grado de autonoma. Si la relacion de los humanos con el robot es de tipo maestro esclavo, y el papel de los humanos es dar ordenes y el del robot obedecerlas, entonces s cabe hablar de una limitacion de la autonoma del robot. Pero si la interaccion de los humanos con el robot es de igual a igual, entonces su presencia no tiene por que estar asociada a restricciones para que el robot pueda tomar sus propias decisiones.[81]
",156
WikiEspGDC69,"La IA generativa a menudo se entrena con obras protegidas por derechos de autor no autorizadas, incluidos dominios como imgenes o codigo informtico; la salida se utiliza luego bajo una justificacion de uso justo. Los expertos no estn de acuerdo sobre la validez de esta justificacion durante un proceso legal, ya que podra depender del proposito y el carcter del uso de la obra protegida por derechos de autor y del efecto sobre el mercado potencial de la obra protegida.[89]En 2023, escritores como John Grisham y Jonathan Franzen demandaron a las empresas de IA por usar sus obras para entrenar IA generativa.[90][91]
",155
WikiEspGDC3,"Por otro lado, el desarrollo y aplicacion de la inteligencia artificial en muchos aspectos de la vida cotidiana tambien ha propiciado la creacion de nuevos campos de estudio como la roboetica y la etica de las mquinas que abordan aspectos relacionados con la etica en la inteligencia artificial y que se encargan de analizar como los avances en este tipo de tecnologas impactaran en diversos mbitos de la vida, as como el manejo responsable y etico que se les debera dar a los mismos, adems de establecer cul debera ser la manera correcta de proceder de las mquinas y las reglas que deberan cumplir.[5]
",153
WikiEspGDC4,"En cuanto a su clasificacion, tradicionalmente se divide a la inteligencia artificial en inteligencia artificial debil, la cual es la nica que existe en la actualidad y que se ocupa de realizar tareas especficas, e inteligencia artificial general, que sera una IA que excediese las capacidades humanas. Algunos expertos creen que si alguna vez se alcanza este nivel, se podra dar lugar a la aparicion de una singularidad tecnologica, es decir, una entidad tecnologica superior que se mejorara a s misma constantemente, volviendose incontrolable para los humanos, dando pie a teoras como el basilisco de Roko.[6]
",151
WikiEspGDC5,"Algunas de las inteligencias artificiales ms conocidas y utilizadas en la actualidad alrededor del mundo incluyen inteligencia artificial en el campo de la salud, asistentes virtuales como Alexa, el asistente de Google o Siri, traductores automticos como el traductor de Google y DeepL, sistemas de recomendacion como el de la plataforma digital de YouTube, motores de ajedrez y otros juegos como Stockfish y AlphaZero, chatbots como ChatGPT, creadores de arte de inteligencia artificial como Midjourney, Dall-e, Leonardo y Stable Diffusion, e incluso la conduccion de vehculos autonomos como Tesla Autopilot.[7]
",150
WikiEspGDC84,"El 5 de febrero de 2020, la Oficina del Derecho de Autor de los Estados Unidos y la OMPI asistieron a un simposio donde observaron de manera profunda como la comunidad creativa utiliza la inteligencia artificial (IA) para crear trabajo original. Se discutieron las relaciones entre la inteligencia artificial y el derecho de autor, que nivel de involucramiento es suficiente para que el trabajo resultante sea vlido para proteccion de derechos de autor; los desafos y consideraciones de usar inputs con derechos de autor para entrenar una mquina; y el futuro de la inteligencia artificial y sus polticas de derecho de autor.[99][100]
",150
WikiEspGDC1,"En la actualidad, la inteligencia artificial abarca una gran variedad de subcampos. âstos van desde reas de proposito general, aprendizaje y percepcion, a otras ms especficas como el Reconocimiento de voz, el juego de ajedrez, la demostracion de teoremas matemticos, la escritura de poesa y el diagnostico de enfermedades. La inteligencia artificial sintetiza y automatiza tareas que en principio son intelectuales y, por lo tanto, es potencialmente relevante para cualquier mbito de actividades intelectuales humanas. En este sentido, es un campo genuinamente universal.[3]
",148
WikiEspGDC0,"La inteligencia artificial  (IA), en el contexto de las ciencias de la computacion, es una disciplina y un conjunto de capacidades cognoscitivas e intelectuales expresadas por sistemas informticos o combinaciones de algoritmos cuyo proposito es la creacion de mquinas que imiten la inteligencia humana para realizar tareas, y que pueden mejorar conforme recopilen informacion.[1][2] Se hizo presente poco despues de la Segunda Guerra Mundial con el desarrollo de la prueba de Turing, mientras que la locucion fue acuada en 1956 por el informtico John McCarthy en la Conferencia de Dartmouth.
",147
WikiEspGDC2,"La arquitectura de las inteligencias artificiales y los procesos por los cuales aprenden, se mejoran y se implementan en algn rea de interes vara segn el enfoque de utilidad que se les quiera dar, pero de manera general, estos van desde la ejecucion de sencillos algoritmos hasta la interconexion de complejas redes neuronales artificiales que intentan replicar los circuitos neuronales del cerebro humano y que aprenden mediante diferentes modelos de aprendizaje tales como el aprendizaje automtico, el aprendizaje por refuerzo, el aprendizaje profundo y el aprendizaje supervisado.[4]
",147
WikiEspGDC48,"Otra razon por la que la IA es importante es porque puede ayudar a las empresas a tomar decisiones informadas y precisas. As mismo, la IA puede procesar grandes cantidades de datos y proporcionar informacion valiosa para la toma de decisiones empresariales, lo que puede ayudar a las empresas a identificar oportunidades comerciales, predecir tendencias de mercado y mejorar la eficiencia del mercado financiero. Adems, la IA puede ayudar a los trabajadores a tomar decisiones informadas en tiempo real, como en el caso de la atencion medica, donde la IA puede ayudar a los medicos a identificar enfermedades y personalizar el tratamiento.
",146
WikiEspGDC49,"La IA tambien es importante en el campo de la ciberseguridad. La IA puede ayudar a detectar y prevenir amenazas, desde ciberataques hasta la deteccion de comportamientos sospechosos. La IA puede analizar grandes cantidades de datos en tiempo real y detectar patrones y anomalas que podran indicar una amenaza de seguridad. Adems, la IA puede aprender de los patrones de comportamiento y mejorar su capacidad para detectar amenazas en el futuro. En el campo de la seguridad cibernetica, la IA puede ayudar a proteger los sistemas y las redes de los ataques de virus informticos y la infiltracion de malware.
",146
WikiEspGDC70,"La normativa tiene como objetivo regular y reglamentar el uso de la IA en el entorno educativo, especficamente en el aula. La IA ha experimentado un rpido desarrollo y se ha convertido en una herramienta potencialmente beneficiosa para mejorar la enseanza y el aprendizaje. No obstante, su implementacion plantea desafos eticos, de privacidad y equidad que deben ser abordados de manera efectiva. Esta normativa se establece en respuesta a la necesidad de garantizar que la IA se utilice de manera etica, responsable y equitativa en el mbito educativo.
",139
WikiEspGDC47,"Adems, una de las principales razones por las que la IA es importante es porque puede automatizar tareas repetitivas y monotonas, liberando tiempo y recursos para que las personas se centren en tareas ms creativas y valiosas. Por ejemplo, la IA puede ayudar a las empresas a automatizar tareas de back office, como la contabilidad y el procesamiento de facturas, lo que puede reducir los costos y mejorar la eficiencia. De manera similar, la IA puede ayudar a los trabajadores a realizar tareas ms complejas y creativas, como el diseo y la planificacion estrategica.
",137
WikiEspGDC61,"Un humano, durante toda su vida, aprende el vocabulario de su lengua nativa o materna, siendo capaz de interpretar los mensajes (a pesar de la polisemia de las palabras) y utilizando el contexto para resolver ambigºedades. Sin embargo, debe conocer los distintos significados para poder interpretar, y es por esto que lenguajes especializados y tecnicos son conocidos solamente por expertos en las respectivas disciplinas. Un sistema de inteligencia artificial se enfrenta con el mismo problema, la polisemia del lenguaje humano, su sintaxis poco estructurada y los dialectos entre grupos.
",137
WikiEspGDC53,"Este inesperado suceso fue visto con pnico en los medios de comunicacion, ya que se aseguraba que los chatbots supuestamente haban salido del control humano y haban desarrollado la capacidad de comunicarse entre s. Sin embargo, posteriormente esto tambien fue desmentido, pues se argumento que en realidad Facebook no apago las inteligencias artificiales, sino que simplemente las puso en pausa y cambio los parmetros de los chatbots, desechando el experimento al final por no tener ningn interes prctico o til dentro de la investigacion sobre IA.[74]
",136
WikiEspGDC45,"La gran importancia de la IA radica en el hecho de que tiene una amplia gama de aplicaciones, desde la automatizacion de tareas tediosas hasta la creacion de sistemas avanzados de asistencia medica y diagnostico de enfermedades, la deteccion de fraudes y la optimizacion de procesos empresariales. En muchos casos, la IA puede hacer cosas que los humanos no pueden hacer, como el procesamiento de datos en grandes cantidades y la localizacion de patrones e interrelaciones entre estos que seran difciles o imposibles de detectar de otra manera.
",129
WikiEspGDC85,"El director general de la OMPI, Francis Gurry, presento su preocupacion ante la falta de atencion que hay frente a los derechos de propiedad intelectual, pues la gente suele dirigir su interes hacia temas de ciberseguridad, privacidad e integridad de datos al hablar de la inteligencia artificial. As mismo, Gurry cuestiono si el crecimiento y la sostenibilidad de la tecnologa IA nos guiara a desarrollar dos sistemas para manejar derechos de autor- uno para creaciones humanas y otro para creaciones de mquinas.[101]
",127
WikiEspGDC14,"Varios ejemplos se encuentran en el rea de control de sistemas, planificacion automtica, la capacidad de responder a diagnosticos y a consultas de los consumidores, reconocimiento de escritura, reconocimiento del habla y reconocimiento de patrones. Los sistemas de IA actualmente son parte de la rutina en campos como economa, medicina, ingeniera, el transporte, las comunicaciones y la milicia, y se ha usado en gran variedad de programas informticos, juegos de estrategia, como ajedrez de computador, y otros videojuegos.
",126
WikiEspGDC35,"Estos algoritmos demostraron ser insuficientes para resolver grandes problemas de razonamiento porque experimentaron una explosion combinatoria: se volvieron exponencialmente ms lentos a medida que los problemas crecan.[48] De esta manera, se concluyo que los seres humanos rara vez usan la deduccion paso a paso que la investigacion temprana de la inteligencia artificial segua; en cambio, resuelven la mayora de sus problemas utilizando juicios rpidos e intuitivos.[49]
",121
WikiEspGDC83,"Alrededor del mundo han comenzado a surgir distintas legislaciones con el fin de manejar la inteligencia artificial, tanto su uso como creacion. Los legisladores y miembros del gobierno han comenzado a pensar acerca de esta tecnologa, enfatizando el riesgo y los desafos complejos de esta. Observando el trabajo creado por una mquina, las leyes cuestionan la posibilidad de otorgarle propiedad intelectual a una mquina, abriendo una discusion respecto a la legislacion relacionada con IA.
",120
WikiEspGDC57,"En los humanos, la capacidad de resolver problemas tiene dos aspectos: los aspectos innatos y los aspectos aprendidos. Los aspectos innatos permiten, por ejemplo, almacenar y recuperar informacion en la memoria, mientras que en los aspectos aprendidos reside el saber resolver un problema matemtico mediante el algoritmo adecuado. Del mismo modo que un humano debe disponer de herramientas que le permitan solucionar ciertos problemas, los sistemas artificiales deben ser programados para que puedan llegar a resolverlos.
",115
WikiEspGDC36,"La representacion del conocimiento[50] y la ingeniera del conocimiento[51] son fundamentales para la investigacion clsica de la inteligencia artificial. Algunos sistemas expertos intentan recopilar el conocimiento que poseen los expertos en algn mbito concreto. Adems, otros proyectos tratan de reunir el conocimiento de sentido comn conocido por una persona promedio en una base de datos que contiene un amplio conocimiento sobre el mundo.
",112
WikiEspGDC18,"La Inteligencia artificial fuerte (IGA) es un tipo hipotetico de inteligencia artificial que iguala o excede la inteligencia humana promedio. Si se hiciera realidad, una IGA podra aprender a realizar cualquier tarea intelectual que los seres humanos o los animales puedan llevar a cabo. Alternativamente, la IGA se ha definido como un sistema autonomo que supera las capacidades humanas en la mayora de las tareas economicamente valiosas.
",111
WikiEspGDC86,"An hay una falta de claridad en el entendimiento alrededor de la inteligencia artificial. Los desarrollos tecnologicos avanzan a paso rpido, aumentando su complejidad en polticas, legalidades y problemas eticos que se merecen la atencion global. Antes de encontrar una manera de trabajar con los derechos de autor, es necesario entenderlo correctamente, pues an no se sabe como juzgar la originalidad de un trabajo que nace de una composicion de una serie de fragmentos de otros trabajos.
",111
WikiEspGDC50,"Otra rea donde la IA es importante es en el descubrimiento de conocimientos. La IA puede descubrir patrones y relaciones en los datos que los humanos no podran detectar, lo que puede llevar a nuevas ideas y avances en diversos campos. Por ejemplo, la IA puede ayudar a los investigadores a identificar nuevos tratamientos para enfermedades, o ayudar a los cientficos a analizar datos de sensores y satelites para entender mejor el calentamiento global.
",107
WikiEspGDC82,"Al hablar acerca de la propiedad intelectual atribuida a creaciones de la inteligencia artificial, se forma un debate fuerte alrededor de si una mquina puede tener derechos de autor. Segn la Organizacion Mundial de la Propiedad Intelectual (OMPI), cualquier creacion de la mente puede ser parte de la propiedad intelectual, pero no especifica si la mente debe ser humana o puede ser una mquina, dejando la creatividad artificial en la incertidumbre.
",106
WikiEspGDC7,"En 2019 la Comision Mundial de âtica del Conocimiento Cientfico y la Tecnologa (COMEST) de la UNESCO definio la inteligencia artificial como un campo que implica mquinas capaces de imitar determinadas funcionalidades de la inteligencia humana, incluidas caractersticas como la percepcion, el aprendizaje, el razonamiento, la resolucion de problemas, la interaccion lingºstica e incluso la produccion de trabajos creativos.
",105
WikiEspGDC34,"Los primeros investigadores desarrollaron algoritmos que imitaban el razonamiento paso a paso que los humanos usan cuando resuelven acertijos o hacen deducciones logicas.[46] A finales de la decada de 1981-1990, la investigacion de la inteligencia artificial haba desarrollado metodos para tratar con informacion incierta o incompleta, empleando conceptos de probabilidad y economa.[47]
",102
WikiEspGDC6,"Asimismo la inteligencia artificial se est desarrollando en la plataforma digital cada vez ms, evolucionando y creando nuevas herramientas, como la plataforma laboral que existe desde el ao 2023 llamada SIVIUM, una herramienta por la cual una persona postula en forma automatizada a todas las ofertas laborales de todos los portales de trabajo, sin necesidad de estar revisando cada oferta laboral que se presente y enviar su CV uno por uno.
",100
WikiEspGDC22,"La inteligencia artificial multimodal  es un tipo de inteligencia artificial que puede procesar e integrar datos de diferentes modalidades, como texto, imgenes, audio y video, para obtener una comprension ms completa y contextualizada de una situacion. La inteligencia artificial multimodal se inspira en la forma en que los humanos usan varios sentidos para percibir e interactuar con el mundo, y ofrece una forma ms natural e intuitiva de comunicarse con la tecnologa.
",100
WikiEspGDC92,"La IA est cada vez ms presente en la sociedad, la evolucion de la tecnologa es una realidad y con ello, la produccion de pelculas sobre esta temtica. Cabe destacar, que lleva habiendo piezas audiovisuales sobre inteligencia artificial desde hace mucho tiempo, ya sea incluyendo personajes o mostrando un trasfondo moral y etico. A continuacion, se muestra una lista de algunas de las principales pelculas que tratan este tema:
",99
WikiEspGDC73,"Organizaciones como UNESCO Ethics AI (2020), UNESCO Education & AI (2021), Beijin Consensus, OCDE (2021), Comision Europea (2019), European Parliament Report AI Education (2021), UNICEF (2021) y Foro Economico Mundial (2019) han mostrado preocupacion por implementar lineamientos sobre la etica y la IA en el entorno educativo.[92]
",95
WikiEspGDC17,"Los sistemas de IA generativa notables incluyen ChatGPT (y su variante Microsoft Copilot), un bot conversacional creado por OpenAI usando sus modelos de lenguaje grande fundacionales GPT-3 y GPT-4; y Bard, un bot conversacional creado por Google usando Gemini. Otros modelos generativos de IA incluyen sistemas de arte de inteligencia artificial como Stable Diffusion, Midjourney y DALL-E.
",93
WikiEspGDC19,"Algunos sostienen que podra ser posible en aos o decadas; otros, que podra tardar un siglo o ms; y una minora cree que quiz nunca se consiga. Existe un debate sobre la definicion exacta de IGA y sobre si los grandes modelos de lenguaje (LLM) modernos, como el GPT-4, son formas tempranas pero incompletas de IGA.
",91
WikiEspGDC88,"El sistema general de derechos de autor an debe adaptarse al contexto digital de inteligencia artificial, pues estn centrados en la creatividad humana. Los derechos de autor no estn diseados para manejar cualquier problema en las polticas relacionado con la creacion y el uso de propiedad intelectual, y puede llegar a ser daino estirar excesivamente los derechos de autor para resolver problemas perifericos, dado que:
",91
WikiEspGDC87,"La asignacion de derechos de autor alrededor de la inteligencia artificial an no ha sido regulada por la falta de conocimientos y definiciones. An hay incertidumbre sobre si, y hasta que punto, la inteligencia artificial es capaz de producir contenido de manera autonoma y sin ningn humano involucrado, algo que podra influenciar si sus resultados pueden ser protegidos por derechos de autor.
",90
WikiEspGDC38,"Otro objetivo de la inteligencia artificial consiste en poder establecer metas y finalmente alcanzarlas.[56] Para ello necesitan una forma de visualizar el futuro, una representacion del estado del mundo y poder hacer predicciones sobre como sus acciones lo cambiarn, con tal de poder tomar decisiones que maximicen la utilidad (o el valor) de las opciones disponibles.[57]
",89
WikiEspGDC9,"Por ejemplo, el reconocimiento optico de caracteres ya no se percibe como un ejemplo de la inteligencia artificial habiendose convertido en una tecnologa comn.[12] Avances tecnologicos todava clasificados como inteligencia artificial son los sistemas de conduccion autonomos o los capaces de jugar ajedrez o Go.[13]
",84
WikiEspGDC37,"Entre los temas que contendra una base de conocimiento de sentido comn estn: objetos, propiedades, categoras y relaciones entre objetos,[52] situaciones, eventos, estados y tiempo[53] causas y efectos;[54] y el conocimiento sobre el conocimiento (lo que sabemos sobre lo que saben otras personas)[55] entre otros.
",82
WikiEspGDC58,"Muchas personas consideran que la prueba de Turing ha sido superada, citando conversaciones en que al dialogar con un programa de inteligencia artificial para chat no saben que hablan con un programa. Sin embargo, esta situacion no es equivalente a una prueba de Turing, que requiere que el participante se encuentre sobre aviso de la posibilidad de hablar con una mquina.
",82
WikiEspGDC23,"La inteligencia artificial Cuntica es un campo interdisciplinar que se enfoca en construir algoritmos cunticos para mejorar las tareas computacionales dentro de la IA, incluyendo subcampos como el aprendizaje automtico. Existen evidencias que muestran una posible ventaja cuadrtica cuntica en operaciones fundamentales de la IA.
",81
WikiEspGDC13,"Tambien existen distintos tipos de percepciones y acciones, que pueden ser obtenidas y producidas, respectivamente, por sensores fsicos y sensores mecnicos en mquinas, pulsos electricos u opticos en computadoras, tanto como por entradas y salidas de bits de un software y su entorno software.
",78
WikiEspGDC27,"La inteligencia computacional tiene una doble finalidad. Por un lado, su objetivo cientfico es comprender los principios que posibilitan el comportamiento inteligente (ya sea en sistemas naturales o artificiales) y, por otro, su objetivo tecnologico consiste en especificar los metodos para disear sistemas inteligentes.[25]
",77
WikiEspGDC56,"Las principales crticas a la inteligencia artificial tienen que ver con su capacidad de imitar por completo a un ser humano.[79] Sin embargo, hay expertos[cita†requerida] en el tema que indican que ningn humano individual tiene capacidad para resolver todo tipo de problemas, y autores como Howard Gardner han teorizado sobre la solucion.
",76
WikiEspGDC66,"A nivel nacional en Espaa tambien surgen reflexiones sobre la gran irrupcion del consumo de inteligencia artificial con la aparicion de ChatGPT, entre otros. Sergio Ålvarez-Telea argumenta que ""la IA no es inteligente, es estadstica avanzada que, cada vez tiene ms servicio, es ms til"". [83] 
",75
WikiEspGDC68,"Desde 2016, algunos expertos en privacidad, como Cynthia Dwork, comenzaron a ver la privacidad desde la perspectiva de la equidad: Brian Christian escribio que los expertos han cambiado de la pregunta de ""que saben"" a la pregunta de ""que estn haciendo con ello"".[88]
",73
WikiEspGDC42,"El mundo est en constante evolucion, y herramientas como ChatGPT estn en el centro de esta transformacion. Mientras que muchas personas ven a ChatGPT como una oportunidad para mejorar la experiencia de sus negocios o personales, hay quienes se muestran escepticos sobre su implementacion. [63]
",71
WikiEspGDC79,"Esta normativa se presenta como un marco general que deber ser adaptado y ampliado por las instituciones educativas de acuerdo a sus necesidades y contextos especficos. Debe ser comunicada de manera efectiva a todos los involucrados en el proceso educativo y revisada periodicamente para asegurar su vigencia.
",71
WikiEspGDC11,"Segn Takeyas (2007) la IA es una rama de las ciencias computacionales encargada de estudiar modelos de computo capaces de realizar actividades propias de los seres humanos con base en dos de sus caractersticas primordiales: el razonamiento y la conducta.[16]
",69
WikiEspGDC76,"Se debe prestar especial atencion a la diversidad de estudiantes y garantizar que la IA sea accesible y beneficiosa para todos, independientemente de su origen etnico, genero, discapacidad u orientacion sexual. Las soluciones de IA deben ser diseadas teniendo en cuenta la accesibilidad y la inclusion.
",69
WikiEspGDC16,"La inteligencia artificial generativa es un tipo de sistema de inteligencia artificial capaz de generar texto, imgenes u otros medios en respuesta a comandos. Los modelos de IA generativa aprenden los patrones y la estructura de sus datos de entrenamiento de entrada y luego generan nuevos datos que tienen caractersticas similares.
",68
WikiEspGDC77,"Esta normativa se basa en investigaciones academicas, recomendaciones de organizaciones educativas y en las mejores prcticas establecidas en el uso de la IA en la educacion. Se alienta a las instituciones a mantenerse al da con la literatura cientfica y las directrices relevantes.
",68
WikiEspGDC80,"Esta normativa tiene como objetivo garantizar que la IA sea utilizada de manera etica y responsable en el aula, promoviendo el beneficio de los estudiantes y el avance de la educacion. Su cumplimiento es esencial para lograr una implementacion exitosa de la IA en el entorno educativo.
",67
WikiEspGDC26,"La inteligencia computacional (tambien conocida como IA subsimbolica-inductiva) implica desarrollo o aprendizaje interactivo (por ejemplo, modificaciones interactivas de los parmetros en sistemas de conexiones). El aprendizaje se realiza basndose en datos empricos.
",66
WikiEspGDC78,"Aunque la IA puede ser una herramienta poderosa en el aula, no debe reemplazar la creatividad, la originalidad y el juicio humano en el proceso educativo. La IA debe ser utilizada de manera complementaria para enriquecer la experiencia educativa.
",58
WikiEspGDC12,"En 1956, John McCarthy acuo la expresion inteligencia artificial, y la definio como la ciencia e ingenio de hacer mquinas inteligentes, especialmente programas de computo inteligentes.[17]
",56
WikiEspGDC40,"El aprendizaje automtico es un concepto fundamental de la investigacion de la inteligencia artificial desde el inicio de los estudios de este campo; consiste en la investigacion de algoritmos informticos que mejoran automticamente a traves de la experiencia.[61]
",56
WikiEspGDC64,"Con el desarrollo de la tecnologa de inteligencia artificial, muchas compaas de software como el aprendizaje profundo y el procesamiento del lenguaje natural han comenzado a producirse y la cantidad de pelculas sobre inteligencia artificial ha aumentado.
",54
WikiEspGDC89,"Usar los derechos de autor para gobernar la inteligencia artificial es poco inteligente y contradictorio con la funcion primordial de los derechos de autor de ofrecer un espacio habilitado para que la creatividad florezca.[102]
",54
WikiEspGDC20,"La inteligencia artificial explicable se refiere a metodos y tecnicas en la aplicacion de tecnologa de inteligencia artificial por los que el ser humano es capaz de comprender las decisiones y predicciones realizadas por la inteligencia artificial.
",52
WikiEspGDC72,"Esta normativa se aplica a todas las instituciones educativas y docentes que utilizan la IA en el aula, as como a los proveedores de tecnologa educativa que ofrecen soluciones basadas en IA.
",47
WikiEspGDC90,"La conversacion acerca de la propiedad intelectual tendr que continuar hasta asegurarse de que la innovacion sea protegida, pero tambien tenga espacio para florecer.
",38
WikiEspGDC65,"Stephen Hawking advirtio sobre los peligros de la inteligencia artificial y lo considero una amenaza para la supervivencia de la humanidad.[82] 
",37
WikiEspGDC25,"Se conoce tambien como IA simbolica-deductiva. Est basada en el anlisis formal y estadstico del comportamiento humano ante diferentes problemas:
",35
WikiEspGDC75,"As como tiene muchos beneficios tambien nos encontramos con diferentes riesgos a los que la educacion est expuesta con su uso. 
",29
WikiEspGDC81,"En cuanto a la naturaleza del aprendizaje, la IA puede subdividirse en dos campos conceptualmente distintos:
",25
WikiEspGDC74,"El uso de la IA en el entorno educativo debe regirse por los siguientes principios eticos y valores:
",24
WikiEspGDC15,"Stuart J. Russell y Peter Norvig diferencian varios tipos de inteligencia artificial:[18]
",23
WikiEspGDC91,"A continuacion se incluye alguna obra que tiene como motivo central la inteligencia artificial.
",18
WikiEspGDC24,"La IA se divide en dos escuelas de pensamiento:
",13
WikiEspGDC71,"Los objetivos de esta normativa son:
",9
